"","BirdID","D_dam","D_sire","GenCont_Focal","GenContDam","GenContSire","FFL","helpers","FDL","FSL","RainVar","offspring","dam_age","Sex","LayYear","dam","sire","lifespan","Rel_fit","helpers_cat","lGCF","lGCD","lGCS","logratD","logratS","Sire_RainVar","Dam_RainVar"
"1","912",-0.000817512242067657,-0.0305564678541943,0.0412596809841281,0.0420771932261958,0.0718161488383224,-0.704308654493367,0,0.610365483167499,-0.671091201738979,0.583402380021287,13,0.760442962309816,"0",1994,"64","178",5222,3.34204793028322,"0",-0.974312487402184,-3.16824941367568,-2.6336459140346,-0.0402231445243942,-1.40701403078984,-0.980315787533932,-0.998944540906731
"2","929",0.00723249842791247,-0.00722793763477374,0.0414373503007668,0.0342048518728543,0.0486652879355406,-0.256721199549864,0,-0.134527309379213,-0.647147772828542,0.74164452241557,5,1.03265923770844,"1",1994,"199","609",4203,1.28540305010893,"0",-0.960305642484985,-3.37538777734852,-3.02278927643485,0.428074554007564,-0.466705174262833,-1.15393625307425,-0.982934063505501
"3","938",0.0255971994713971,0.0246789098913209,0.0763970455133171,0.05079984604192,0.0517181356219961,-0.0482273546911221,0,0.253846885846984,-0.489420320341444,-1.03403379789371,5,0.566651479139009,"0",1994,"163","510",2597,1.28540305010893,"0",1.03389656450851,-2.97986195507316,-2.96194677325342,0.907004212424966,0.849972260877246,-1.15393625307425,-1.02946116792027
"4","1042",0.0369417768094009,0.0361918302891299,0.0828562802514824,0.0459145034420814,0.0466644499623525,-0.185454015612863,0,-1.33623409026485,-1.04984743889186,0.37901548502648,11,-1.33364801269545,"0",1996,"1043","559",7748,2.82788671023965,"0",1.2984710833271,-3.08097423269622,-3.06477264697587,1.31071806363047,1.28970068099958,-1.41055357498891,-0.627343169948008
"5","1045",0.00958098919677781,-0.00787082923505365,0.0595945795508133,0.0500135903540355,0.067465408785867,1.16174717491438,0,1.63416713860711,-0.44856697376015,1.71631797942263,3,-0.585349407183832,"1",1996,"503","470",1830,0.77124183006536,"0",0.224236498455599,-2.99546050340613,-2.696140274889,0.391429154662428,-0.378914629358422,-1.087874522098,-1.32035527412167
"6","1156",0.0101214172180495,0.016656859663135,0.0668976801562357,0.0567762629381862,0.0502408204931007,1.44385042775882,1,-0.541739207982967,-0.145519248888634,-0.749226187100835,2,-0.272894346436164,"1",1996,"454","216",2279,0.514161220043573,"1",0.601064986949699,-2.86863694661994,-2.9909274254846,0.366569904761338,0.60189597029075,-1.14110747994837,-1.01790302425758
"7","1179",0.000705126723264032,0.0362936187607813,0.0896354395071466,0.0889303127838826,0.0533418207463652,-0.0657938804731414,1,-0.420519427660399,0.371474472726461,-0.40077539117503,1,1.31081477729757,"1",1997,"297","836",1200,0.257080610021787,"1",1.5548300289357,-2.4199022183848,-2.93103462608334,0.0207247024425362,1.15802599222944,-1.6788853411691,-1.07659952154208
"8","1186",0.00410773806143091,-0.0203194637032692,0.0531998862978691,0.0490921482364382,0.0735193500011383,-0.202397200095639,0,-0.19758762613139,0.782834515761241,1.03168330691737,5,-0.593252198606715,"0",1996,"604","603",2269,1.28540305010893,"0",-0.145774817980488,-3.01405617068739,-2.61020664208997,0.181211611787232,-0.855574248033917,-1.41055357498891,-1.32035527412167
"9","1279",0.031876751789991,0.030424000182615,0.0758966351679445,0.0440198833779534,0.0454726349853294,-1.1385417491569,0,-0.83052635861921,-0.712651188142774,1.45728475427617,2,-0.365047601792886,"1",1996,"522","1174",1252,0.514161220043573,"0",1.01247441238933,-3.12311385218416,-3.09064456285,1.20973063281003,1.1418495440591,-1.79282808731554,-1.40174404191168
"10","1305",-0.007619151656277,-0.0240739648231035,0.0413510892983211,0.0489702409545981,0.0654250541214246,1.14850617564839,0,-0.657445504975193,-0.0218252895574742,-0.257755176262904,3,-1.19997670424736,"0",1998,"1177","854",4126,0.77124183006536,"0",-0.967098650080498,-3.01654249282672,-2.72685000333777,-0.371330027665033,-1.17897044507564,0.192762666947119,2.70114292825479
"11","1362",0.0487643271012142,0.034303891038528,0.0829691789740685,0.0342048518728543,0.0486652879355406,-1.45220806790199,2,-0.134527309379213,-0.647147772828542,-1.44145125420835,2,2.54321209682955,"0",1998,"199","609",1845,0.514161220043573,"1",1.30290977548343,-3.37538777734852,-3.02278927643485,1.96581625993554,1.19261616225663,-0.0625953340509752,-0.499790220304756
"12","1370",-0.0158283104849587,-0.0148791675822428,0.0353616529108579,0.0511899633958166,0.0502408204931007,0.524176842418273,1,0.356114111611964,-0.145519248888634,1.37211250167452,3,0.827754623135667,"1",1997,"308","216",2502,0.77124183006536,"1",-1.47715763039384,-2.97221179357802,-2.9909274254846,-0.816075522273047,-0.921794220054002,-1.23250307333622,-1.01631330022714
"13","1384",-0.0373555381947066,0.00126145795222511,0.0499267458877657,0.0872822840824722,0.0486652879355406,-0.619366010051522,1,-0.572618466410242,-0.647147772828542,0.469489000402216,5,-1.11141513506768,"0",1998,"1246","609",4064,1.28540305010893,"1",-0.352768378517251,-2.43860776820221,-3.02278927643485,-1.23396300924169,-0.0212771620512307,-0.0625953340509752,2.1049003297432
"14","1404",0.0165661661684962,-0.00830180738534915,0.0733424291066824,0.0567762629381862,0.0816442364920316,-0.305643031410541,1,-0.541739207982967,0.397011934178866,1.48864627920572,1,0.159197941755657,"0",1997,"454","221",1842,0.257080610021787,"1",0.900882437697665,-2.86863694661994,-2.50538405002978,0.570280870372385,-0.33871913772471,-0.829968035103526,-0.509505611785809
"15","1503",0.0468270164248198,0.050797124229002,0.100026902722689,0.0531998862978691,0.0492297784936869,0.729705163151262,0,-0.186426673390547,2.67406857402071,0.648228347384043,6,-0.790162065935809,"0",1999,"1186","1184",3334,1.54248366013072,"0",1.91238915338076,-2.93369901989492,-3.01125658463944,1.40165194469814,1.61190533096998,1.42613334685951,1.33851685899796
"16","1510",-0.0124730788531426,0.00639197449481063,0.051961562228055,0.0644346410811976,0.0455695877332443,0.896964907895675,0,-0.00614769228858398,0.974332544839264,0.508854654373202,5,-0.806532906621205,"0",1999,"1247","1020",3544,1.28540305010893,"0",-0.222548959475238,-2.74210388550332,-3.0885147206368,-0.473286547526926,0.23127737770352,0.900763471045993,1.55962116486002
"17","1524",-0.0332708943034892,-0.0228856231359658,0.0431261512098279,0.0763970455133171,0.0660117743457937,0.333513963670529,1,-0.0301733976876331,-1.51977601109388,-1.43944224568628,4,0.198192618940962,"1",1999,"938","1028",2708,1.02832244008715,"1",-0.830087833759444,-2.57181125484908,-2.71792215368826,-1.26325174804456,-1.09985550209997,0.607387701210281,-0.00239985425020441
"18","1533",0.00545361803588099,-0.0107545335081861,0.0552572408376075,0.0498036228017265,0.0660117743457937,0.162552033709325,1,0.886000711416201,-1.51977601109388,0.529655137062193,18,0.521882517324043,"1",1999,"677","1028",5873,4.62745098039216,"1",-0.0220888929392323,-2.99966755057485,-2.71792215368826,0.233381353935722,-0.507455029858749,0.607387701210281,-0.13428286925653
"19","1539",-0.0260345101897947,-0.00737492775148461,0.0606579927743199,0.0866925029641146,0.0680329205258045,0.0436852195565395,0,-0.995298717467456,-0.0507808815370762,0.567692244385893,1,0.886760509676809,"1",1999,"459","176",3273,0.257080610021787,"0",0.281891387648408,-2.44538786993661,-2.68776356557744,-0.787726514316912,-0.356663853807718,-0.452000448819842,-0.133043562396112
"20","1542",-0.0008916885173487,-0.0112876300468504,0.0388974436853738,0.0397891322027225,0.0501850737322242,0.383191336383844,0,-0.146607176008446,-0.241917386889329,0.291571767935036,9,-0.278928271030509,"1",1999,"1022","1199",4906,2.31372549019608,"0",-1.16649961912889,-3.22416146421258,-2.99203763250904,-0.0469677926178084,-0.69137577149138,1.01307248901338,0.6704507643557
"21","1543",0.0149131245658531,0.000452688503166862,0.0491179764387074,0.0342048518728543,0.0486652879355406,0.989198582368212,1,-0.134527309379213,-0.647147772828542,0.801906203684243,7,2.77583327762483,"1",1999,"199","609",3818,1.79956427015251,"1",-0.406006189638278,-3.37538777734852,-3.02278927643485,0.804693314841463,-0.0603095207040415,-0.106076344509469,-0.494611516259758
"22","1566",-0.0319242170303055,-0.047435395070725,0.0422000444364216,0.0741242614667271,0.0896354395071466,1.73148806836129,0,1.91713452217318,-0.273453011291123,0.449376881777649,5,-0.514989681356702,"1",1999,"1160","1179",3260,1.28540305010893,"0",-0.900851914914591,-2.60201238506326,-2.41200450698902,-1.24444137940899,-1.88287041115775,1.83225663767781,0.956679178548646
"23","1598",-0.0276538605750722,-0.02775348320457,0.0481431519633745,0.0757970125384467,0.0758966351679445,-0.123517844680882,0,1.57688831912485,-1.20675321883483,1.27271697144761,2,-0.4604571750392,"0",2000,"1195","1279",2481,0.514161220043573,"0",-0.471352158754994,-2.57969639953205,-2.57838292800141,-1.00204436945852,-1.1703353413014,1.28999519807439,0.936480918962345
"24","1604",-0.0146097417059873,0.000297517673779828,0.0498248993752103,0.0644346410811976,0.0495273817014305,0.730082923272035,0,-0.00614769228858398,-0.29463561901873,0.232444357943394,13,-0.308470430753988,"1",2000,"1247","494",4867,3.34204793028322,"0",-0.3594248394142,-2.74210388550332,-3.00522959666177,-0.56628686355812,-0.0681245186679866,-0.193067371137215,0.876767886820406
"25","1608",-0.0221183559880346,-0.00721109660826751,0.0423162850931629,0.0644346410811976,0.0495273817014305,0.822165518429575,0,-0.00614769228858398,-0.29463561901873,1.7849165751636,4,-0.305508912407659,"1",2000,"1247","494",2273,1.02832244008715,"0",-0.891885169479599,-2.74210388550332,-3.00522959666177,-0.928067032512928,-0.458508385582791,-0.193067371137215,0.876767886820406
"26","1610",-0.0348039836863209,-0.0310895338450143,0.0463910437019979,0.0811950273883189,0.0774805775470122,0.483358282559012,0,-1.06400650363013,0.048016518057008,1.7849165751636,9,-0.408461567542502,"1",2000,"1170","917",2271,2.31372549019608,"0",-0.592199995136279,-2.5109012727498,-2.55772798632796,-1.23652543184621,-1.30830194410465,-0.072435083450769,1.14251379803725
"27","1698",-0.0058471414744056,0.0363758505025773,0.0801261094432879,0.0859732509176935,0.0437502589407106,1.95524401569875,0,-1.22376313722693,0.106338538288278,0.289907148193488,4,-0.980751322876345,"1",2001,"1552","1504",3285,1.02832244008715,"0",1.18924989340336,-2.45371906695108,-3.12925774755122,-0.15276941601052,1.36374020316139,0.609358084409348,0.938067962400622
"28","1699",-0.041610031154448,0.000612960822534918,0.0443632197632455,0.0859732509176935,0.0437502589407106,-0.097470286776674,0,-1.22376313722693,0.106338538288278,4.65984843297332,3,-0.857016652240675,"1",2002,"1552","1504",1691,0.77124183006536,"0",-0.737897676107607,-2.45371906695108,-3.12925774755122,-1.46216982376089,-0.0491863151554883,2.06472819789019,2.36823671975663
"29","1705",0.0353490030485756,0.0249035098610007,0.0766086840327037,0.0412596809841281,0.051705174171703,0.659212399828501,0,-0.69512089084068,1.75228815386022,0.200870168631509,4,1.28210833371008,"0",2002,"912","1348",1223,1.02832244008715,"0",1.04291444419595,-3.18786950321264,-2.96219742178491,1.37383727320855,0.857182939990064,1.16674642251097,0.586853976181289
"30","1709",-0.0280275615174969,0.00308885137562708,0.04540513646879,0.0734326979862869,0.0423162850931629,1.78003211949011,0,0.886383597425438,0.499079580456766,0.855476433130144,1,0.271992574299181,"1",2001,"1049","1608",1452,0.257080610021787,"0",-0.662223731785133,-2.61138596590452,-3.16258327663758,-1.06154437036665,0.0859424263221062,1.723192167796,0.846584328708785
"31","1716",0.0475192580674012,0.0410217713187314,0.0934337615094826,0.0459145034420814,0.0524119901907512,-0.638840298643381,1,-1.33623409026485,-2.52135686276369,0.216758120539669,8,0.849531925167573,"0",2002,"1043","1412",5541,2.05664488017429,"1",1.69011699654362,-3.08097423269622,-2.94861989339636,1.57682187766771,1.29924251310294,1.15573697600651,1.02706099106448
"32","1723",0.0637856276929404,0.0638346172706804,0.109377383996719,0.0455917563037787,0.0455427667260387,0.727419619609557,0,1.21772785220882,-0.203611203676641,0.134555527809139,1,-0.713484434303166,"1",2002,"1550","1040",957,0.257080610021787,"0",2.2036985060285,-3.08802836161685,-3.08910346643619,1.94139868118283,2.01153598060331,1.11096094236525,1.87951344009724
"33","1750",-0.0300334032275646,0.00237947239245072,0.052935775746504,0.0829691789740685,0.0505563033540532,-0.803644499547303,0,-1.45312731508505,0.561066240151208,0.142860659947097,11,-0.254181336903227,"1",2002,"1362","1187",5532,2.82788671023965,"0",-0.161998239577392,-2.48928607781027,-2.98466764585817,-0.992099301204405,0.0274803481589446,1.51882086214869,1.14978334532233
"34","1752",0.00459735890823288,0.00781057666715795,0.0540191672601158,0.0494218083518829,0.0462085905929579,-0.182394030845823,0,-0.466254429282207,2.33176153510987,0.135180647765367,6,0.515488883195505,"1",2002,"1200","1553",2945,1.54248366013072,"0",-0.0959567953154277,-3.00736348759208,-3.07458955460929,0.200237166833947,0.29081026197082,1.99671914732204,1.33022251970499
"35","1753",0.00350760733345905,-0.00239322808669298,0.0549875797429517,0.0514799724094926,0.0573808078296446,-0.00198772686561807,0,0.699308488885264,0.0890341919743945,4.65984843297332,7,0.0239742026859049,"0",2002,"1244","1188",3540,1.79956427015251,"0",-0.0380358602348561,-2.9665624322005,-2.8580453899354,0.149223260820456,-0.184257075537512,1.66656532650416,1.94881358491275
"36","1759",0.0259565582009709,0.025404237903953,0.0699764415789243,0.0440198833779534,0.0445722036749713,-0.202982761260587,0,-0.83052635861921,0.722803430266372,3.35178271083088,1,1.27715894688473,"1",2001,"522","1360",1803,0.257080610021787,"0",0.747736269641765,-3.12311385218416,-3.11064485023559,1.0298543028678,0.995551526028525,1.56214611451759,0.0654904862052103
"37","1776",0.0511248445563402,0.0641889630990214,0.103086406784395,0.051961562228055,0.0388974436853738,0.591836281168677,0,0.9277920644345,0.1171681293417,-0.618572758128806,1,-0.467994847761888,"0",2002,"1510","1542",1939,0.257080610021787,"0",2.01060072039436,-2.95725102165683,-3.24682674554601,1.52054598358561,2.246915800338,2.32268443168568,1.98718403159156
"38","1796",0.0760618867859167,0.0815803853880894,0.119798307553206,0.043736420767289,0.0382179221651163,-0.571879740849719,0,0.452829563356716,-0.102496688225379,0.302626863263018,6,-0.340300667665849,"1",2002,"1437","1196",1876,1.54248366013072,"0",2.50035536167941,-3.12957409681909,-3.26445070676778,2.23497982088365,2.64810981386988,1.43374085249647,1.28097513286982
"39","1828",0.0500526977041775,0.038713151596113,0.0893632857084042,0.0393105880042266,0.0506501341122911,0.33290952274398,0,-0.771428846260299,0.169738459695885,-1.44145125420835,1,-0.102730100045145,"0",2003,"1508","1754",1118,0.257080610021787,"0",1.5449175577819,-3.23626138152677,-2.98281340046684,1.82210411838217,1.27450798469494,1.81806905994432,1.04422297819334
"40","1829",-0.0366164422686946,-0.00422270181828482,0.0532538276811535,0.0898702699498481,0.0574765294994384,-0.806364483716772,0,-0.476419907644515,-0.262081125683128,-1.44145125420835,4,0.879755639798209,"1",2003,"1190","1489",3851,1.02832244008715,"0",-0.142471286588584,-2.40938809353481,-2.8563785971265,-1.15579389586889,-0.264809561081104,1.19016756116568,1.1039016787311
"41","1831",-0.000562617975296983,-0.00194807879147414,0.0452727726598811,0.045835390635178,0.0472208514513552,0.402552284572815,1,1.49763216859063,0.887169965350023,0.279709347903559,2,-0.995599483352664,"1",2003,"1757","1523",1647,0.514161220043573,"1",-0.671740406084556,-3.08269876496529,-3.05291971590421,-0.0241225411576544,-0.183127109472114,1.20673843206423,1.70588448687016
"42","1851",0.0062249877592879,0.0224274207469212,0.0820220002977346,0.0757970125384467,0.0595945795508133,-0.462929521477994,0,1.57688831912485,0.79451864841238,-0.110117906485271,1,0.521782447754365,"0",2002,"1195","1045",2252,0.257080610021787,"0",1.26548207925916,-2.57969639953205,-2.82019065618078,0.178047646031309,0.680971460832058,1.48664237735535,1.4593688771027
"43","1864",-0.044022776258799,0.0249487664921797,0.0560041264638899,0.100026902722689,0.0310553599717103,0.628480435049087,0,0.758271994274386,0.919806640285507,-0.167083574836322,4,-0.0364083165844459,"0",2003,"1503","1209",3872,1.02832244008715,"0",0.0216767559394663,-2.30231610194849,-3.47198386161283,-1.28141208696702,1.32681457475157,1.62849500810136,1.1098206502323
"44","1868",-0.0185679755631298,-0.014849820268322,0.0313587703246358,0.0499267458877657,0.0462085905929579,-0.383086844777518,0,-0.609030343067988,2.33176153510987,-0.0561855548442654,4,0.128901203384966,"1",2003,"1384","1553",5889,1.02832244008715,"0",-1.86876700240834,-2.99719843008107,-3.07458955460929,-1.02681281515266,-1.00896075358251,1.39273260304495,0.882840023647515
"45","1877",-0.0194843956151411,0.000949460600295535,0.0440756118101234,0.0635600074252645,0.0431261512098279,-1.14649392123223,1,0.0511311480833037,0.0739483722887675,0.0324864735665006,10,-1.04608322897205,"1",2003,"1893","1524",5843,2.57080610021786,"1",-0.759099663181236,-2.75577082049071,-3.14362570926626,-0.807575687244056,-0.0303920310922928,1.15480187761813,1.63266719519483
"46","1897",-0.0317384922471519,-0.00985833612903386,0.0379119824506912,0.0696504746978431,0.047770318579725,2.32597319782913,0,-0.241235941826598,1.43854229621779,0.0797244327715664,2,1.66816050609357,"1",2003,"927","501",2375,0.514161220043573,"0",-1.25014962870203,-2.66426576330441,-3.04135078256912,-1.34388971163518,-0.634848678569126,0.472802705867582,0.477461425474725
"47","2968",-0.0381041192263419,-0.0194445367880318,0.0485883837377727,0.0866925029641146,0.0680329205258045,-2.51676391321593,1,-0.995298717467456,-0.0507808815370762,-0.141456039864529,7,2.34188023635318,"0",2003,"459","176",3651,1.79956427015251,"1",-0.441344074248118,-2.44538786993661,-2.68776356557744,-1.2791288457674,-0.88691829787194,0.0313581287245475,0.336739254512093
"48","2972",-0.0098741446384062,0.00494921508727171,0.0729821356130762,0.0828562802514824,0.0680329205258045,-0.397045604761846,0,-0.169254521019724,-0.0507808815370762,-0.438365360378947,1,0.810437178412594,"1",2003,"1042","176",593,0.257080610021787,"0",0.884829401108978,-2.49064773530915,-2.68776356557744,-0.277816395911494,0.0853921265425127,0.0978336082752727,1.21253726920826
"49","3002",-0.014588446803797,-0.0451503888316715,0.0525207221873888,0.0671091689911858,0.0976711110190603,1.03464488920678,0,0.512367387314878,0.574722354630959,0.0815225680775115,9,-1.17674704116339,"0",2003,"1782","1495",3746,2.31372549019608,"0",-0.187657857135079,-2.70143459767534,-2.3261494543539,-0.539656227689603,-1.56516869076341,1.10247058280051,-0.145750539451662
"50","3005",4.28952828225235e-05,0.000951174334355029,0.0437793160501115,0.043736420767289,0.0428281417157565,-1.4745912207237,0,0.452829563356716,-0.830839948600986,0.158212999912121,2,0.39852919288634,"1",2004,"1437","1579",1862,0.514161220043573,"0",-0.781087276775992,-3.12957409681909,-3.15055987574052,0.00540363440963408,-0.029940263638955,1.06701506852184,0.655028486063653
"51","3009",0.0276655145776336,0.0513384228638334,0.104274198610337,0.0766086840327037,0.052935775746504,-0.163354182881728,1,0.686826601346665,-0.91538962661445,-1.44145125420835,1,-0.949694596692514,"0",2004,"1705","1750",746,0.257080610021787,"1",2.0479460218491,-2.56904484008817,-2.93867587859494,0.686101144358328,1.53782611166355,-0.345793799563692,-0.349914824570902
"52","3094",-0.0591640871112406,-0.0137505041635299,0.0334703472878253,0.0926344343990659,0.0472208514513552,-0.0601839324465123,0,-0.031379481305358,0.887169965350023,-0.0325472021746092,9,-0.8606570209112,"0",2004,"1891","1523",5496,2.31372549019608,"0",-1.65634103953618,-2.37909434469248,-3.05291971590421,-2.25148885273836,-0.9050066203953,0.84627496377236,-0.221323690590982
"53","3457",-0.0409162285170281,-0.0501442648671604,0.0461514936173678,0.0870677221343959,0.0962957584845282,0.896738227089899,0,-0.0103976455215564,0.355517685882242,-0.217455042349614,2,-0.36702735652311,"1",2005,"1717","1797",1241,0.514161220043573,"0",-0.609076131858149,-2.44106904779776,-2.34033100596085,-1.4026599419499,-1.84024644108347,-0.783516547376162,0.931932866942219
"54","3507",-0.00598924699082924,-0.0166935598431542,0.0562885757699219,0.0622778227607512,0.0729821356130762,-0.729883991635515,0,-2.02152208670295,-0.56164496398844,0.499192183942185,3,-0.662581478324259,"0",2004,"1760","2972",3349,0.77124183006536,"0",0.0381914835078197,-2.77614989151067,-2.61754058541108,-0.220719601884863,-0.703167823875517,-1.12124897094323,1.07775463666234
"55","3517",-0.0400673222554784,0.0103958285024782,0.0492959634529258,0.0893632857084042,0.0389001349504476,-0.679847738563028,0,0.356114111611964,-0.893681149893144,-1.44145125420835,7,-0.966893039765178,"0",2005,"1828","1848",2613,1.79956427015251,"0",-0.394215225679963,-2.41504535555513,-3.24675755920058,-1.31431131803881,0.483611871091751,-0.12914479597523,-0.119270280422679
"56","3567",0.00937314166485614,0.00798768084867899,0.0552085323000342,0.045835390635178,0.0472208514513552,1.18547142975368,0,1.49763216859063,0.887169965350023,-0.227220164471683,7,-0.510532528630838,"0",2004,"1757","1523",3725,1.79956427015251,"0",-0.0249636061278851,-3.08269876496529,-3.05291971590421,0.415329952769236,0.2910701479402,0.821525987446558,0.894257486086267
"57","3574",-0.00495456706957517,0.0473629050364437,0.0993803606550273,0.104334927724603,0.0520174556185836,0.685505518300087,0,-0.844310025165806,-0.15809077425924,-0.135806628365196,4,-1.22193791792084,"0",2005,"3090","1381",3857,1.02832244008715,"0",1.89125063832735,-2.2601490955214,-2.95617593175754,-0.104523784698872,1.46476631340885,1.14774246837533,0.477608015585906
"58","3590",0.0161289929153974,-0.0735884492247137,0.0462098583284921,0.0300808654130946,0.119798307553206,0.445958587825962,1,1.20601171579907,-0.71375222074463,-0.00506033124928779,1,-1.11926653941437,"0",2005,"2963","1796",1848,0.257080610021787,"1",-0.60495632120661,-3.50386600993222,-2.12194572066931,0.954076875015037,-2.35915935752202,-0.140313200523041,-0.167259274281106
"59","3594",0.00741555638426766,0.00530147755263839,0.0558577809066916,0.048442224522424,0.0505563033540532,-1.9150689614256,0,0.0962726753463136,0.561066240151208,0.242494168617768,1,-0.256161091633455,"0",2005,"1740","1187",4411,0.257080610021787,"0",0.0131474300298468,-3.02738343809768,-2.98466764585817,0.318709252803354,0.155891874640661,0.893848889090323,0.747077776145687
"60","3606",-0.0372532304097038,-0.0181866071118115,0.0363002109855592,0.073553441395263,0.0544868180973707,0.125284559140765,0,0.484168289173001,0.583119815037408,-0.284240677653039,6,-1.19726130295073,"0",2005,"3003","1710",3122,1.54248366013072,"0",-1.39176605546293,-2.60974304315489,-2.90979647634116,-1.56087072919988,-1.05308791221947,-0.117737718971559,0.283834651067384
"61","3608",-0.0270977462358049,-0.00342483794960517,0.0495109377968988,0.0766086840327037,0.052935775746504,0.375371384473008,1,0.686826601346665,-0.91538962661445,-0.322453914015461,5,-0.574901603191177,"0",2005,"1705","1750",3473,1.28540305010893,"1",-0.38003062293046,-2.56904484008817,-2.93867587859494,-0.963587576412268,-0.242293190841963,-0.140313200523041,-0.170807915710164
"62","3615",0.0293093307313291,0.0352652775171983,0.0722410357484848,0.0429317050171558,0.0369757582312865,0.780761397405367,3,0.87700304687136,-0.329786588269235,1.12885562651245,2,-0.93719671881262,"1",2005,"1857","1606",1465,0.514161220043573,"1",0.851558717321581,-3.14814468131827,-3.29749276400225,1.15583603785394,1.5182312030452,0.840790250694464,-0.225044971391709
"63","3617",-0.0206608541908859,0.00908626380521039,0.0546814017553418,0.0753422559462276,0.0455951379501314,-0.678374416380952,0,0.225379773765529,2.13319716160235,-0.909632430369153,1,-0.693686887001488,"1",2005,"1827","1783",1260,0.257080610021787,"0",-0.0562374122763403,-2.58571413362755,-3.08795419204716,-0.706666268435919,0.351872347524837,-0.558340198102525,-0.774566835167569
"64","3699",0.0192657402559422,-0.00312981603469629,0.0678541239937149,0.0485883837377727,0.0709839400284112,-0.109993525324317,1,-2.53206942313826,-0.973366548680825,0.555418719253969,2,-0.955014511384156,"0",2005,"2968","1769",4540,0.514161220043573,"1",0.647340294873027,-3.02437079438628,-2.64530162431011,0.742939033158635,-0.190210330684386,-0.735283736449557,-0.179964876460955
"65","4854",0.0079486834707761,0.00583460463914683,0.0563909079932001,0.048442224522424,0.0505563033540532,0.984967516493465,1,0.0962726753463136,0.561066240151208,-0.0960897388247192,2,-0.00572211826673584,"1",2006,"1740","1187",2707,0.514161220043573,"1",0.0441123438840595,-3.02738343809768,-2.98466764585817,0.339748363387371,0.178594416269644,0.868450543237517,0.718754643450932
"66","4890",-0.00416476172219489,-0.0546111661519622,0.0477968005058601,0.051961562228055,0.102407966657822,1.17893591996453,0,0.9277920644345,0.519802057297847,-0.408283873328948,6,0.900015670786877,"1",2006,"1510","2966",3333,1.54248366013072,"0",-0.494888369633801,-2.95725102165683,-2.27879077001015,-0.181808567773151,-1.90360649537367,-0.0766171922999584,0.587860448475643
"67","4933",-0.0133703637355483,-0.00434021632012925,0.0400230034431163,0.0533933671786646,0.0443632197632455,0.638472569487648,1,-0.294532822015461,-0.301011767118435,-1.44145125420835,3,-0.99779019555409,"1",2006,"3453","1699",3308,0.77124183006536,"1",-1.07351189730279,-2.93006875086807,-3.11534453655403,-0.63515901861146,-0.328500650710599,0.662482512527914,0.105046542916275
"68","4934",-0.00377976418698589,0.00525038322843318,0.0496136029916787,0.0533933671786646,0.0443632197632455,0.605625061465314,1,-0.294532822015461,-0.301011767118435,-0.286508592608722,1,-0.99779019555409,"1",2006,"3453","1699",2214,0.257080610021787,"1",-0.373278204577072,-2.93006875086807,-3.11534453655403,-0.159385239124369,0.184889589416252,0.662482512527914,0.105046542916275
"69","4964",0.00731759555749422,0.00831930519050564,0.0535920778503867,0.0462744822928925,0.0452727726598811,-0.0661527608323134,0,0.107586769957074,0.134012326837222,-0.35489515468187,3,-0.453146687285566,"0",2006,"2959","1831",1421,0.77124183006536,"0",-0.121831807667549,-3.07316460820498,-3.09504947222886,0.328396110763349,0.320737993075403,-0.197689110649298,-0.336629827037514
"70","4971",0.0248234653448492,0.0404657791708409,0.0783777616215321,0.0535542962766829,0.0379119824506912,1.38129093613869,0,0.887704532223194,1.80740566551484,-0.364746867974204,1,0.245706732465135,"0",2006,"1669","1897",2656,0.257080610021787,"0",1.1173343581816,-2.92705925605012,-3.27248805721284,0.846745875599025,1.65332949049574,-0.221906158606255,0.53079112575266
"71","4999",0.0071977655290596,0.00581230471288245,0.0530331561642376,0.045835390635178,0.0472208514513552,0.402590064707111,0,1.49763216859063,0.887169965350023,-0.441755824830943,2,0.26847391186211,"0",2007,"1757","1523",3146,0.514161220043573,"0",-0.156007087582194,-3.08269876496529,-3.05291971590421,0.326292459863157,0.194993016677054,0.607699125565788,0.570387707549336
"72","5118",-0.0423554688129154,-0.0515835051630477,0.0447122533214805,0.0870677221343959,0.0962957584845282,-0.788250176904101,0,-0.0103976455215564,0.355517685882242,0.263041889711661,5,0.239767468274624,"1",2006,"1717","1797",3206,1.28540305010893,"0",-0.712351352510086,-2.44106904779776,-2.34033100596085,-1.47283029017418,-1.91596472039572,-0.717375700755075,0.470602196603756
"73","5123",-0.046018133948738,-0.0141321169976018,0.0368381463027444,0.0828562802514824,0.0509702633003462,0.556212129080977,0,-0.169254521019724,-0.911297725318337,-0.214738438113794,2,2.2804050655653,"0",2007,"1042","1577",2075,0.514161220043573,"0",-1.34381371301617,-2.49064773530915,-2.97651288885294,-1.79206795014303,-0.85848073298327,0.527586250179002,0.610557200072589
"74","5125",-0.00519429127691723,-0.0193862331725959,0.0346329340875199,0.0398272253644371,0.0540191672601158,-0.43761860405373,1,0.331533222544003,-0.374896181414569,-0.146822824616783,2,-0.31654361090364,"0",2007,"2985","1752",2602,0.514161220043573,"1",-1.54503552506947,-3.22320454616746,-2.91841634613605,-0.30628344378519,-1.14485927121142,-0.254776272855069,-0.174011630885259
"75","5128",-0.0574404922076382,-0.0175966213228978,0.0334379268607782,0.0908784190684165,0.051034548183676,0.608911706427036,0,0.946744618992089,0.274172516445423,-0.206399529060351,5,0.0368426084319991,"0",2007,"1789","1801",4413,1.28540305010893,"0",-1.65950008645884,-2.39823271997468,-2.97525246023384,-2.21124660496825,-1.09294484967654,-0.612326211064769,-0.605526756939625
"76","5155",-0.000156154469970193,-0.0174808266646817,0.0626452827786062,0.0628014372485764,0.0801261094432879,0.440764200665495,1,1.60868649144052,1.48486797261844,-0.100499245904573,1,1.58600068479149,"0",2007,"1361","1698",1099,0.257080610021787,"1",0.386976545769841,-2.76777731964604,-2.52415351743107,-0.00228159750267856,-0.670641058217969,0.374948284153283,0.333779071094797
"77","5160",-0.0159664722746964,-0.0167102634043616,0.0395629498547133,0.0555294221294097,0.0562732132590749,-0.281616556107966,1,-0.435738921964039,0.560638960386431,-0.0757931999464408,1,0.0883162314164588,"0",2007,"1790","1731",1814,0.257080610021787,"1",-1.11119910633767,-2.89084227024036,-2.87753664286531,-0.7476464282064,-0.924484590449935,-0.297021748387481,-0.657580599606436
"78","5237",-0.00578911889913634,-0.00149849700406218,0.0475391691522493,0.0533282880513856,0.0490376661563115,-1.2775061725897,0,-1.48249420615476,0.891656277357326,0.249538977759534,1,-1.03461579720166,"1",2008,"4896","2990",2102,0.257080610021787,"0",-0.512506512349975,-2.93128835592771,-3.0151665791002,-0.251282667951063,-0.156610336179259,-0.527759858175177,-1.18448174367131
"79","5269",-0.00240853561142049,0.00194106500644632,0.0529756131901223,0.0553841488015428,0.051034548183676,0.617373858787623,0,-2.8779209821051,0.274172516445423,-1.07905797210563,1,-0.531809482814364,"1",2008,"3451","1801",812,0.257080610021787,"0",-0.159545982717353,-2.89346184888565,-2.97525246023384,-0.0952437393871602,0.00677629413414039,-0.813177195911757,-0.83469625184675
"80","5283",-0.0376084560159576,-0.00579797471916928,0.0494592661184383,0.0870677221343959,0.0552572408376075,-0.377892437005957,0,-0.0103976455215564,-0.0747900306228493,-0.569484838245149,1,1.00197303939081,"1",2009,"1717","1533",2791,0.257080610021787,"0",-0.383434432717703,-2.44106904779776,-2.89575589128705,-1.24934769044704,-0.347366078015066,0.277011090932593,0.185889134898714
"81","5290",0.0144444625949552,0.0148699879550614,0.0535886473274833,0.0391441847325281,0.0387186593724219,-0.901960363419622,0,-1.29358126983781,-0.349621672390849,0.943849473945738,3,-0.87266536927448,"1",2008,"5079","1867",2172,0.77124183006536,"0",-0.122040478030522,-3.24050340570009,-3.2514336408193,0.698884942440715,0.694337870107479,-0.536013331098524,-0.959721910762774
"82","5291",0.0110189617571309,-0.0184278251087349,0.0569334651992124,0.0459145034420814,0.0753612903079472,0.220823778947718,0,-1.33623409026485,0.61455685021028,-0.3369378047265,11,3.11159102519651,"1",2008,"1043","3696",3987,2.82788671023965,"0",0.0753258581615095,-3.08097423269622,-2.58546152693986,0.47965204569384,-0.75260988308904,-0.541783662757291,0.33615399682773
"83","5323",-0.00798687744037659,-0.01106366547233,0.0445338447470122,0.0525207221873888,0.0555975102193422,0.321897386512709,0,1.06733263426597,-0.950392694089737,0.221758460269276,1,0.211061024687056,"0",2008,"3002","1581",1675,0.257080610021787,"0",-0.725384346755803,-2.94654747893019,-2.88961685895592,-0.362125817763307,-0.612745528837209,0.309415883490997,-0.310889154138399
"84","5324",0.0302984607620998,0.0272216727301465,0.0828191829494886,0.0525207221873888,0.0555975102193422,0.12511455884198,0,1.06733263426597,-0.950392694089737,-0.343183242473063,4,0.211061024687056,"0",2008,"3002","1581",1675,1.02832244008715,"0",1.29701125670788,-2.94654747893019,-2.88961685895592,1.01199086624334,0.870013977424377,0.309415883490997,-0.310889154138399
"85","5333",-0.000951791400807825,-0.018731669241048,0.041979913616348,0.0429317050171558,0.060711582857396,-0.501179197093876,1,0.87700304687136,0.314154895868126,-0.683649759525454,8,0.390228827767634,"1",2009,"1857","3618",2117,2.05664488017429,"1",-0.917900575934358,-3.14814468131827,-2.80162077774686,-0.0464230712784979,-0.964200280682312,-0.418582837453287,-0.390571112508258
"86","5336",-0.0413348592286989,-0.00944884227756265,0.0415214210227835,0.0828562802514824,0.0509702633003462,-0.067191642386625,1,-0.169254521019724,-0.911297725318337,-0.733875161804967,1,2.95352167382373,"0",2009,"1042","1577",493,0.257080610021787,"1",-0.953698711747763,-2.49064773530915,-2.97651288885294,-1.52700431422229,-0.572460171192447,0.280939406431307,0.434263711515903
"87","5337",-0.0184028614104564,-0.0178732748190905,0.0366135432782802,0.0550164046887367,0.0544868180973707,0.721658551045744,1,-0.622565151464765,0.583119815037408,-0.710402039980391,2,-0.724373085319115,"0",2009,"4936","1710",3419,0.514161220043573,"1",-1.36374945034674,-2.90012387115451,-2.90979647634116,-0.898684389193057,-1.03254698170219,-0.350149903573186,-0.601017533094885
"88","5447",0.00487099122263446,-0.00428054416127331,0.0519926690978016,0.0471216778751671,0.0562732132590749,-0.0288475061294566,0,1.14266425020719,0.560638960386431,-0.469811585256264,1,0.184512838305452,"1",2009,"2989","1731",2126,0.257080610021787,"0",-0.220598076173396,-3.0550221317166,-2.87753664286531,0.221106475959911,-0.271522755732344,-0.351358709343299,-0.344024701068403
"89","5456",0.018448362424389,-0.00767391172178594,0.0500270772272489,0.0315787148028598,0.0577009889490348,0.397357876801255,0,-1.13845749637284,0.105582603851317,-0.72967542320299,4,-0.694676764366557,"1",2009,"4958","4888",3695,1.02832244008715,"0",-0.346224209829973,-3.45527196753566,-2.85248096611696,1.0222438116918,-0.423510269913986,-0.798886438367517,-0.685186685218609
"90","5498",0.0168148561681103,0.0134528368053135,0.0584531960097764,0.0416383398416661,0.045000359204463,0.0875448638101443,0,-0.64213031528128,-0.693736365794213,-0.200448372677656,2,-0.421470611602784,"1",2009,"4868","1886",2172,0.514161220043573,"0",0.161198201582738,-3.17873390534655,-3.10108480692228,0.754521181924305,0.542671311570057,-0.459233529964695,-0.885403054806382
"91","5508",-0.0051604778681747,-0.000869855973100547,0.0481678101832109,0.0533282880513856,0.0490376661563115,-3.32871314457885,1,-1.48249420615476,0.891656277357326,-0.604238079352288,3,-0.508579819730395,"1",2009,"4896","2990",1784,0.77124183006536,"1",-0.469682978850885,-2.93128835592771,-3.0151665791002,-0.222186218300739,-0.125213412017271,-0.520181046948077,-0.856375607542032
"92","5518",0.0053603585223296,-0.0013655588956823,0.0515702168508217,0.0462098583284921,0.052935775746504,-0.447365198536007,0,0.470690906366239,-0.91538962661445,-0.687369475199686,4,-0.161132864585188,"0",2009,"3590","1750",2876,1.02832244008715,"0",-0.24719264957744,-3.07456211992392,-2.93867587859494,0.246314968416132,-0.144900392200404,-0.464521305879929,-0.701596564094965
"93","5522",0.0114477374078598,0.00409756562931304,0.0572831280430378,0.045835390635178,0.0531855624137248,-2.67441872352335,0,1.49763216859063,-0.65439488808684,-0.645726611702723,11,1.26033103167826,"1",2009,"1757","1616",2865,2.82788671023965,"0",0.0952848582086233,-3.08269876496529,-2.93396830266628,0.497032771341419,0.0949428479763532,0.216056397214732,0.0354280632421888
"94","5524",0.00701664430602656,0.0103189915099675,0.0565275821029254,0.0495109377968988,0.0462085905929579,-0.413478808959361,0,0.399149797158616,2.33176153510987,-0.648512136123172,6,-0.16212274195026,"0",2009,"3608","1553",3040,1.54248366013072,"0",0.0520034619759571,-3.00556166822288,-3.07458955460929,0.296778000395408,0.399290263446283,0.195667476110116,-0.701596564094965
"95","5530",0.0345763472609279,0.0435279531141301,0.0904341281676196,0.0558577809066916,0.0469061750534895,0.273825556145958,1,-1.9222432476987,0.452721052934359,-0.754870187458875,4,-0.14133531728351,"0",2009,"3594","5197",3585,1.02832244008715,"1",1.58374729187115,-2.88494644523538,-3.05960594794337,1.07037651259833,1.48650836381079,-0.672957033364039,-0.701596564094965
"96","5533",0.00663330246397308,-0.0106913697307384,0.0694347397125495,0.0628014372485764,0.0801261094432879,-0.0391985415382815,0,1.60868649144052,1.48486797261844,-1.30220322402185,1,2.50559675695635,"0",2010,"1361","1698",556,0.257080610021787,"0",0.72240353641374,-2.76777731964604,-2.52415351743107,0.225624269836298,-0.424716097650338,-0.021545620769422,0.0551576475156014
"97","5547",-0.00650213002098782,0.00399223055295028,0.0493001179597367,0.0558022479807245,0.0453078874067864,-2.6489094861579,1,0.952411223302719,-1.03262527417786,-0.630287679800644,6,-0.881371421837978,"1",2010,"5217","1869",3327,1.54248366013072,"1",-0.393940514104186,-2.88594112401343,-3.0942741467093,-0.271160392659849,0.119383088486219,-0.695512647953453,-1.02732163879494
"98","5549",0.0199305590987873,0.00715510240985299,0.0567687054015317,0.0368381463027444,0.0496136029916787,-1.44769366132557,1,0.582434398965198,0.310687452794631,-0.682172210247042,6,-0.78673535931961,"0",2009,"5123","4934",3567,1.54248366013072,"1",0.0658787271596723,-3.30122138637608,-3.00349022898748,0.96104796564523,0.239538208857506,-0.804629050704721,-0.907774214855532
"99","5564",-0.0531431436772717,0.000959138157337391,0.0340097000249813,0.087152843702253,0.0330505618676439,0.389537945501512,0,0.576729503964682,-0.612884214229341,-0.42349342364316,1,-0.873446993751316,"0",2010,"5224","1881",1502,0.257080610021787,"0",-1.60423070078037,-2.44009187757424,-3.40971671229509,-2.08098199657809,-0.0140681500676701,-0.695512647953453,-1.02732163879494
"100","5575",0.000711590647096277,-0.00156473389463622,0.0547084793644387,0.0539968887173424,0.0562732132590749,-0.733963957584172,1,2.4728080946631,0.560638960386431,-0.422972199186918,3,-0.66399056604893,"0",2010,"5168","1731",2589,0.77124183006536,"1",-0.0546236100432072,-2.91882885042326,-2.87753664286531,0.0322299116362421,-0.14983527924172,-0.591568805344307,-1.14321414893693
"101","5588",-0.0028506056839442,0.00688926285050625,0.0507414721664425,0.0535920778503867,0.0438522093159362,0.249610200782996,1,-0.0483410453266194,-0.0949044748021871,-0.357323952398929,3,-0.227454648045966,"1",2010,"4964","911",2516,0.77124183006536,"1",-0.300003375784239,-2.92635402312782,-3.12693017794544,-0.117826227906002,0.266301776200249,-0.0211042894382187,-1.09086848915404
"102","5589",0.0438871499401297,0.0623507649031266,0.0971873859061885,0.0533002359660588,0.0348366210030618,-0.716227431503367,0,-0.198525674919909,0.232826169924017,-0.467878727948852,3,0.49298404834609,"0",2010,"3085","1729",2883,0.77124183006536,"0",1.81851344649063,-2.93181452068958,-3.35708611783615,1.33369420987278,2.36959936662044,-0.167146456436321,-0.707095711289168
"103","5595",-0.00231676683266594,0.00367953365538857,0.0535044330305989,0.0558211998632648,0.0498248993752103,-1.18531025764036,2,-0.710895527033974,0.418966901904309,-0.680076337266824,3,1.63945406250609,"1",2011,"1707","1604",3128,0.77124183006536,"1",-0.12716722218966,-2.88560155588347,-2.99924043244959,-0.0906533736599429,0.0878458669108745,-0.0325157383911043,-0.193378012626926
"104","5604",0.0108584725480691,-0.00467719569904377,0.0550113306918154,0.0441528581437464,0.0596885263908592,0.321255165451864,0,-0.228428593868779,0.417060640251032,-0.203802523149115,2,-0.9680262600274,"0",2010,"5284","1762",1584,0.514161220043573,"0",-0.0366281614774374,-3.12009761690983,-2.81861546481182,0.49023737985152,-0.277461179204104,-0.802347905563156,-1.12076814004371
"105","5608",0.0420104400770548,0.0158881659308798,0.0735891548799146,0.0315787148028598,0.0577009889490348,-0.0124521026773313,0,-1.13845749637284,0.105582603851317,-0.348292103386871,2,-0.250221827442941,"0",2010,"4958","4888",1431,0.514161220043573,"0",0.911829986898341,-3.45527196753566,-2.85248096611696,1.8770287302054,0.498857152363041,-1.16095519426641,-1.07987213909409
"106","5613",-0.0329116180530947,-0.0707203212973376,0.0518071276017131,0.0847187456548078,0.122527448899051,1.53710410402407,0,-0.916463743632355,-0.330033097205208,-0.664156562867001,4,0.0893061087815278,"0",2009,"3518","3486",2637,1.02832244008715,"0",-0.232251731070587,-2.46841838357282,-2.09942020145257,-1.08605188283482,-2.13973881269196,-0.878203293678719,-0.859837060400735
"107","5650",0.0576499648848713,0.0212418344753301,0.0918139559613266,0.0341639910764554,0.0705721214859965,1.39949966237046,0,0.00191192346773831,-0.134804690556843,-1.44145125420835,1,-0.0126512598223192,"1",2011,"5132","2974",1141,0.257080610021787,"0",1.6331086789255,-3.37658308209557,-2.65112009227025,2.1928173261464,0.546431281200876,-0.835302636500815,-1.12942578918034
"108","5749",0.0108453247559264,0.0404374674288384,0.0892230863774585,0.0783777616215321,0.04878561894862,-0.196655031904521,0,1.41866320867537,-1.31462184960427,-0.274887900379045,2,0.00813616484443084,"0",2011,"4971","4902",2609,0.514161220043573,"0",1.53979938603891,-2.54621504464942,-3.02031970322957,0.29027630462487,1.36039428908364,-1.21307135265602,-1.1343641123599
"109","5750",0.0173280904984772,-0.00283812688958941,0.0514003189057469,0.0340722284072697,0.0542384457953363,-0.187645098513282,2,0.327264113521273,0.10681509473568,-0.80649522743631,1,1.19895863504284,"0",2011,"1826","3456",1876,0.257080610021787,"1",-0.257949687188211,-3.37927264271882,-2.91436528997631,0.913894705288322,-0.21088861164107,-0.773096163911209,-0.763920029925825
"110","5766",0.0157267327934323,0.00417246588850158,0.0523402760717125,0.0366135432782802,0.0481678101832109,0.0471796449513421,1,0.750116641348533,-3.11222185463985,-0.420169114594098,3,-0.822370944462596,"0",2011,"5337","5508",1460,0.77124183006536,"1",-0.198876778859852,-3.30733707209517,-3.03306431955166,0.794705174870775,0.116108526032579,-1.82737296487358,-1.7852164314076
"111","5822",0.0575778933560554,0.077752603044809,0.112589224047871,0.0550113306918154,0.0348366210030618,-0.413025488569996,1,0.344302258922308,0.232826169924017,-0.887342171206392,6,-1.14243129250708,"1",2012,"5604","1729",2700,1.54248366013072,"1",2.29804238244089,-2.90021610238888,-3.35708611783615,1.58952433422343,2.72117553059647,-0.360551806088755,-1.39955566641825
"112","5837",0.0327024783473635,-0.0372295069538998,0.0768553364911098,0.0441528581437464,0.11408484344501,1.28388173365619,0,-0.228428593868779,1.42986549368545,-0.933100221275893,5,-0.600781757580432,"1",2011,"5284","5539",2510,1.28540305010893,"0",1.05339287837868,-3.12009761690983,-2.17081286665175,1.2308521706567,-1.02651687880584,-1.58728810737356,-1.15595431141725
"113","5843",0.0108816675261685,-0.00265320856952258,0.0455146016136883,0.0346329340875199,0.0481678101832109,-1.97502745671875,1,-0.424826827373015,-3.11222185463985,-0.893457327461954,2,-0.0918793131907437,"0",2012,"5125","5508",2442,0.514161220043573,"1",-0.654374357658838,-3.36295019740208,-3.03306431955166,0.608392169614822,-0.217848571128139,-1.65950176315464,-1.28517911980576
"114","5851",0.00774458415933749,0.00928772378291031,0.0593148010101592,0.0515702168508217,0.0500270772272489,-2.346104203718,0,-0.434705136005989,0.129493145776334,-0.0969995346780263,3,-0.699198827083512,"0",2012,"5518","5456",2248,0.77124183006536,"0",0.208896821119344,-2.96481096594805,-2.99519087559134,0.313122432166397,0.324559591517761,-1.79149821651537,-1.61424950375141
"115","5854",-0.00197843112946904,-0.00249285377097519,0.0547902742720626,0.0567687054015317,0.0572831280430378,-1.71283482931453,1,-1.44855190143285,-2.5429798763593,0.336172533260029,1,-0.713132838517696,"0",2012,"5549","5522",2028,0.257080610021787,"1",-0.0497535500586193,-2.86877006633059,-2.8597491481309,-0.0753339069761827,-0.188776208174001,-1.74295099509059,-1.62282185549323
"116","6025",-0.0220194603972287,-0.00233976935934687,0.0319889479121606,0.0540084083093894,0.0343287172715075,1.54137295003311,1,1.59806156657883,-1.17030402059279,0.365000407946385,1,-0.586690880334371,"1",2012,"5525","5513",826,0.257080610021787,"1",-1.80390901875974,-2.91861553510618,-3.3717730368623,-1.15679451351664,-0.251150374513509,-1.72087702096859,-1.61122641552748
"117","6171",-0.000662885164307347,0.00287709371964809,0.0351921429234044,0.0358550280877118,0.0323150492037563,0.828058807157878,0,0.249979797733618,0.229555923240201,0.76075539016008,2,2.14132188660468,"1",2014,"1824","5624",2021,0.514161220043573,"0",-1.49282127722939,-3.32827146827845,-3.43222223763943,-0.0380988268822771,0.121401325213464,-0.627382027741481,-0.695211244407508
"118","6556",-0.00199509497847893,0.00134536371588315,0.0573197060316802,0.0593148010101592,0.0559743423157971,0.65415021222143,0,-2.35910344156391,-1.39128351064411,0.767150858088737,1,-0.675306541173287,"1",2015,"5851","3089",1595,0.257080610021787,"0",0.0973657122442416,-2.82489640867265,-2.88286186617247,-0.0725473681631806,-0.0256741853424717,-0.764380285372529,-0.169422714770551
